IPO_ID,Name,Type,Exchange,Price_Low,Price_High,Lot_Size,Open_Date,Close_Date,Listing_Date,Issue_Size_Cr
1,A-One Steels,Mainboard,NSE+BSE,,,,2026-09-24,2026-09-28,,
2,Sonaselection India,Mainboard,NSE+BSE,99,99,,2026-09-17,2026-09-21,,
3,NSE,Mainboard,NSE+BSE,1785,1785,,2026-09-17,2026-09-21,,
4,Hero Motors,Mainboard,NSE+BSE,84,84,,2026-09-16,2026-09-18,,
5,SS Retail,Mainboard,NSE+BSE,424,424,,2026-09-16,2026-09-18,,
6,Jindal Supreme,Mainboard,NSE+BSE,93,93,,2026-09-16,2026-09-18,,
7,Manika Plastech,Mainboard,NSE+BSE,43,43,,2026-09-11,2026-09-16,,
8,Veegaland Developers,Mainboard,NSE+BSE,140,140,,2026-09-10,2026-09-15,,
9,Asset Reconstruction,Mainboard,NSE+BSE,139,139,,2026-09-09,2026-09-11,,
10,LCC Projects,Mainboard,NSE+BSE,146,146,,2026-09-09,2026-09-11,,
11,Karamtara Engineering,Mainboard,NSE+BSE,254,254,,2026-09-09,2026-09-11,,
12,Manipal Payment,Mainboard,NSE+BSE,339,339,,2026-09-09,2026-09-11,,
13,Rentomojo,Mainboard,NSE+BSE,404,404,,2026-09-09,2026-09-11,,
14,Steamhouse India,Mainboard,NSE+BSE,81,81,,2026-09-09,2026-09-11,,
15,Prasol Chemicals,Mainboard,NSE+BSE,676,676,,2026-09-08,2026-09-10,2026-09-16,
16,Glass Wall Systems,Mainboard,NSE+BSE,182,182,,2026-09-08,2026-09-10,2026-09-16,
17,Kanohar Electricals,Mainboard,NSE+BSE,632,632,,2026-09-08,2026-09-10,2026-09-16,
18,Pranav Constructions,Mainboard,NSE+BSE,124,124,,2026-09-07,2026-09-09,2026-09-15,
19,S.K.Offset,SME,BSE SME,119,125,,2026-09-23,2026-09-25,,29.06
20,Robokidz Eduventures,SME,BSE SME,100,106,,2026-09-21,2026-09-23,,31.09
21,FX Multitech,SME,BSE SME,[.],[.],,2026-09-21,2026-09-23,,.
22,Axiom Gas Engineering,SME,NSE SME,50,53,,2026-09-18,2026-09-22,,49.81
23,SpectraA Technology,SME,NSE SME,112,118,,2026-09-17,2026-09-21,,42.52
24,Kheria Autocomp,SME,NSE SME,96,101,,2026-09-17,2026-09-21,,46.44
25,Vama Wovenfab,SME,BSE SME,324,341,,2026-09-15,2026-09-17,,49.54
26,Shakti Polytarp,SME,BSE SME,56,59,,2026-09-15,2026-09-17,,26.93
27,Quanto Agroworld,SME,BSE SME,67,67,,2026-09-15,2026-09-17,,31.02
28,Injecto Polymers,SME,BSE SME,98,100,,2026-09-11,2026-09-16,,56.12
29,Century Business Media,SME,BSE SME,70,74,,2026-09-11,2026-09-16,,17.11
30,Panchatv Bharat,SME,BSE SME,140,140,,2026-09-10,2026-09-15,,24.58
31,Maharaja & Speedex,SME,NSE SME,186,186,,2026-09-10,2026-09-15,,
32,Om Galaxy,SME,BSE SME,85,90,,2026-09-10,2026-09-15,,105
33,Raksan Transformers,SME,BSE SME,258,273,,2026-09-10,2026-09-15,,150.50
34,Vinod Texworld,SME,NSE SME,94,94,,2026-09-09,2026-09-11,,42.83
35,Infrax Renewable,SME,BSE SME,104,104,,2026-09-09,2026-09-11,,40.88
36,Amtech Esters,SME,BSE SME,71,75,,2026-09-09,2026-09-11,,17.88
37,Apana Logistics,SME,BSE SME,60,60,,2026-09-07,2026-09-09,,34.14
38,Maharaja & Speedex India,SME,BSE SME,177,186,,2026-09-10,2026-09-15,,80.13
39,Qualiance International,SME,NSE SME,120,127,,2026-09-04,2026-09-08,,45.11
40,Fly-Hi Maritime,SME,BSE SME,102,102,,2026-09-01,2026-09-03,,52.63
41,Farm Peace,SME,BSE SME,59,59,,2026-09-01,2026-09-03,,32
42,Ashutosh Fibre,SME,NSE SME,87,92,,2026-09-31,2026-09-02,,56.35
43,Phychem Technologies,SME,BSE SME,51,54,,2026-09-31,2026-09-02,,14.58
44,Shanti Inorganics,SME,NSE SME,79,83,,2026-09-31,2026-09-02,,47.23
45,Paluck Technologies,SME,BSE SME,46,48,,2026-09-28,2026-09-01,,33
46,Complete Sports & Management,SME,BSE SME,128,135,,2026-09-28,2026-09-01,,74.93
47,Kwick Forensic Solutions,SME,BSE SME,85,90,,2026-08-27,2026-08-31,,50.77
48,Sumax Engineering,SME,NSE SME,95,101,,2026-08-25,2026-08-28,,53.40
49,Madhur Knit Crafts,SME,NSE SME,95,100,,2026-08-24,2026-08-27,,27.00
50,ABH Healthcare,SME,NSE SME,96,102,,2026-08-24,2026-08-27,,34.98
51,Dhanwel Hybrid Seeds,SME,BSE SME,95,99,,2026-08-19,2026-08-21,,27
52,Mopshop Distribution,SME,BSE SME,138,138,,2026-08-19,2026-08-21,,27.26
53,Technocrats Plasma,SME,BSE SME,125,132,,2026-08-14,2026-08-18,,60.98
54,ENS Enterprises,SME,BSE SME,87,92,,2026-08-14,2026-08-18,,33.14
55,Skytech Infinite Platform,SME,NSE SME,73,77,,2026-08-14,2026-08-18,,22.68
56,Credent Connect N Care,SME,NSE SME,179,189,,2026-08-13,2026-08-17,,93.90
57,Q&T Foods,SME,BSE SME,115,115,,2026-08-12,2026-08-14,,26.25
58,Pramodini Medicare,SME,NSE SME,110,118,,2026-08-12,2026-08-14,,69.04
59,Sham Foam,SME,BSE SME,130,130,,2026-08-11,2026-08-13,,40.48
60,Fascinate Textiles,SME,NSE SME,148,156,,2026-08-11,2026-08-19,,67
61,Optimystix Entertainment,SME,NSE SME,166,175,,2026-08-07,2026-08-11,,108.50
62,LAPL Automotive,SME,BSE SME,88,94,,2026-08-06,2026-08-10,,32.40
63,Aegeus Technologies,SME,BSE SME,100,105,,2026-08-04,2026-08-06,,23.71
64,Anawil Wire & Engineering,SME,NSE SME,257,270,,2026-08-03,2026-08-05,,177.81
65,G.V. Electricals,SME,BSE SME,123,130,,2026-08-31,2026-08-07,,42.25
66,Fusion Klassroom,SME,BSE SME,151,159,,2026-08-31,2026-08-04,,39.04
67,Oneindig Technologies,SME,BSE SME,91,96,,2026-08-30,2026-08-03,,27.65
68,Dhaval Packaging,SME,BSE SME,92,97,,2026-08-30,2026-08-03,,36.36
69,H.R. Hygiene Products,SME,BSE SME,83,88,,2026-07-29,2026-07-31,,53.95
70,Poojaa Precision,SME,BSE SME,285,301,,2026-07-28,2026-07-30,,159.83
71,Propshop Events,SME,NSE SME,65,69,,2026-07-27,2026-07-29,,28.57
72,Advance Technoforge,SME,BSE SME,95,95,,2026-07-27,2026-07-29,,24.03
73,Silverstorm Parks,SME,BSE SME,123,133,,2026-07-24,2026-07-28,,82.43
74,Shree Balaji (Mala) Textiles,SME,BSE SME,66,70,,2026-07-22,2026-07-24,,18.90
75,Metalic Technoforge,SME,NSE SME,72,77,,2026-07-21,2026-07-23,,49.96
76,Gulf Lloyds,SME,BSE SME,100,100,,2026-07-20,2026-07-22,,18.19
77,Sotefin Bharat,SME,BSE SME,178,187,,2026-07-16,2026-07-20,,90
78,Millworks Technologies,SME,BSE SME,315,331,,2026-07-14,2026-07-16,,160.34
79,Happy Steels,SME,NSE SME,62,66,,2026-07-09,2026-07-13,,25
80,Devson Catalyst,SME,BSE SME,112,118,,2026-07-09,2026-07-13,,42.34
81,IC Electricals,SME,NSE SME,94,99,,2026-07-03,2026-07-07,,48
82,Teja Engineering,SME,NSE SME,220,220,,2026-07-30,2026-07-02,,37.36
83,Vinit Mobile,SME,NSE SME,150,158,,2026-07-30,2026-07-02,,34.13
84,Seemax Resources,SME,BSE SME,134,141,,2026-07-30,2026-07-02,,20
85,Sampark India Logistics,SME,BSE SME,80,84,,2026-07-30,2026-07-02,,27.22
86,Kratikal Tech,SME,BSE SME,128,135,,2026-07-30,2026-07-02,,40
87,Atharva Polyplast,SME,BSE SME,55,60,,2026-07-30,2026-07-02,,27
88,Adon Agro Commodities,SME,BSE SME,66,70,,2026-07-29,2026-07-01,,44.03
89,Crazy Snacks,SME,BSE SME,39,42,,2026-06-25,2026-06-30,,31.47
90,Jivial Industries,SME,BSE SME,196,196,,2026-06-23,2026-06-25,,32
91,Shreedhar Spinners,SME,NSE SME,50,53,,2026-06-23,2026-06-25,,31
92,Anubhav Plast,SME,BSE SME,77,80,,2026-06-19,2026-06-23,,24
93,Riyaasat Lifestyle,SME,BSE SME,102,108,,2026-06-18,2026-06-25,,31
94,Avience Biomedicals,SME,NSE SME,196,208,,2026-06-18,2026-06-22,,30.24
95,Clay Craft,SME,NSE SME,193,203,,2026-06-17,2026-06-19,,110
96,Diksha Polymers,SME,BSE SME,112,112,,2026-06-17,2026-06-19,,18
97,Leapfrog Engineering,SME,BSE SME,21,23,,2026-06-17,2026-06-19,,89
98,Liotech Industries,SME,BSE SME,321,321,,2026-06-17,2026-06-19,,36.02
99,Horizon Reclaim,SME,BSE SME,98,103,,2026-06-12,2026-06-16,,54.27
100,Susan Electricals,SME,BSE SME,120,127,,2026-06-11,2026-06-15,,70.38
101,Utkal Speciality Industries,SME,NSE SME,62,66,,2026-06-10,2026-06-12,,35
102,Genxai Analytics,SME,NSE SME,110,116,,2026-06-05,2026-06-09,,55
103,UHM Vacation,SME,BSE SME,157,166,,2026-06-04,2026-06-08,,36.02
104,Vahh Chemicals,SME,BSE SME,60,60,,2026-06-04,2026-06-08,,13.45
105,Merritronix,SME,BSE SME,141,149,,2026-06-01,2026-06-03,,70.03
106,Aureate Tradde,SME,BSE SME,70,70,,2026-06-29,2026-06-02,,27.29
107,Rajnandini Fashion,SME,BSE SME,59,63,,2026-05-26,2026-05-29,,18.21
108,SMR Jewels,SME,BSE SME,125,128,,2026-06-26,2026-06-03,,63.74
109,Yaashvi Jewellers,SME,BSE SME,83,83,,2026-05-25,2026-05-27,,43.88
110,M R Maniveni Foods,SME,BSE SME,51,52,,2026-05-22,2026-05-26,,27.04
111,Q-Line Biotech,SME,NSE SME,326,343,,2026-05-21,2026-05-25,,214
112,Autofurnish,SME,BSE SME,41,41,,2026-05-21,2026-05-25,,15
113,Bio Medica Laboratories,SME,NSE SME,132,139,,2026-05-21,2026-05-25,,52
114,Vegorama Punjabi Angithi,SME,BSE SME,73,77,,2026-05-20,2026-05-22,,38.38
115,Harikanta Overseas,SME,BSE SME,86,91,,2026-05-20,2026-05-27,,24.30
116,Teamtech Formwork,SME,NSE SME,61,63,,2026-05-19,2026-05-21,,50.15
117,NFP Sampoorna Foods,SME,NSE SME,52,55,,2026-05-18,2026-05-20,,25
118,RFBL Flexi Pack,SME,NSE SME,47,50,,2026-05-12,2026-05-14,,35
119,Goldline Pharmaceutical,SME,BSE SME,41,43,,2026-05-12,2026-05-14,,12
120,Simca Advertising,SME,NSE SME,174,183,,2026-05-08,2026-05-12,,58.04
121,Recode Studios,SME,BSE SME,150,158,,2026-05-05,2026-05-07,,45
122,Value 360 Communications,SME,NSE SME,95,98,,2026-05-04,2026-05-06,,42
123,Amba Auto Sales,SME,NSE SME,130,135,,2026-04-27,2026-04-29,,65
124,Adisoft Technologies,SME,NSE SME,163,172,,2026-04-23,2026-04-27,,74
125,Mehul Telecom,SME,BSE SME,96,98,,2026-04-17,2026-04-21,,28
126,Safety Controls,SME,BSE SME,75,80,,2026-04-06,2026-04-08,,48
127,Emiac Technologies,SME,BSE SME,93,98,,2026-04-27,2026-04-08,,32
128,Vivid Electromech,SME,NSE SME,528,555,,2026-03-25,2026-03-30,,131
129,Highness Microelectronics,SME,BSE SME,114,120,,2026-03-24,2026-03-27,,22
130,Tipco Engineering,SME,BSE SME,84,89,,2026-03-23,2026-03-25,,61
131,Speciality Medicines,SME,BSE SME,117,124,,2026-03-20,2026-03-24,,29.14
132,Novus Loyalty,SME,BSE SME,139,146,,2026-03-17,2026-03-20,,60.15
133,Apsis Aerocom,SME,NSE SME,104,110,,2026-03-11,2026-03-13,,36
134,Srinibas Pradhan,SME,NSE SME,91,98,,2026-03-06,2026-03-10,,20.32
135,Elfin Agro,SME,BSE SME,47,47,,2026-03-05,2026-03-09,,25.03
136,Acetech E-Commerce,SME,NSE SME,106,112,,2026-03-27,2026-03-04,,49
137,Striders Impex,SME,NSE SME,71,72,,2026-03-26,2026-03-02,,36
138,Yaap Digital,SME,NSE SME,138,145,,2026-02-25,2026-02-27,,80.11
139,Kiaasa Retail,SME,BSE SME,121,127,,2026-02-23,2026-02-25,,69.72
140,Accord Transformer,SME,BSE SME,43,46,,2026-02-23,2026-02-25,,26
141,Mobilise App,SME,NSE SME,75,80,,2026-02-23,2026-02-25,,20
142,Manilam Industries,SME,NSE SME,65,69,,2026-02-20,2026-02-24,,40
143,Yashhtej Industries,SME,BSE SME,110,110,,2026-02-18,2026-02-20,,88.88
144,Fractal Industries,SME,BSE SME,205,216,,2026-02-16,2026-02-18,,49
145,Marushika Technology,SME,NSE SME,111,117,,2026-02-12,2026-02-16,,26.97
146,PAN HR Solutions,SME,BSE SME,74,78,,2026-02-06,2026-02-10,,17.04
147,Biopol Chemicals,SME,NSE SME,102,108,,2026-02-06,2026-02-10,,31.26
148,Brandman Retail,SME,NSE SME,167,176,,2026-02-04,2026-02-06,,86.09
149,Grover Jewells,SME,NSE SME,83,88,,2026-02-04,2026-02-06,,33.83
150,CKK Retail Mart,SME,NSE SME,155,163,,2026-02-30,2026-02-03,,88.02
151,Kanishk Aluminium,SME,BSE SME,73,73,,2026-01-28,2026-01-30,,29.20
152,Msafe Equipments,SME,BSE SME,116,123,,2026-01-28,2026-01-30,,66.42
153,Accretion Nutraveda,SME,BSE SME,122,129,,2026-01-28,2026-01-30,,24.77
154,Kasturi Metal Composite,SME,BSE SME,61,64,,2026-01-27,2026-01-29,,17.61
155,Hannah Joseph Hospital,SME,BSE SME,67,70,,2026-01-22,2026-01-28,,42
156,Shayona Engineering,SME,BSE SME,140,144,,2026-01-22,2026-01-27,,15
157,KRM Ayurveda,SME,NSE SME,128,135,,2026-01-21,2026-01-23,,77
158,Digilogic Systems,SME,BSE SME,98,104,,2026-01-20,2026-01-22,,81
159,Aritas Vinyl,SME,BSE SME,40,47,,2026-01-16,2026-01-20,,38
160,Armour Security,SME,NSE SME,55,57,,2026-01-14,2026-01-19,,27
161,GRE Renew Enertech,SME,BSE SME,100,105,,2026-01-13,2026-01-16,,40
162,INDO SMC,SME,BSE SME,141,149,,2026-01-13,2026-01-16,,92
163,Narmadesh Brass,SME,BSE SME,515,515,,2026-01-12,2026-01-16,,45
164,Avana Electrosystems,SME,NSE SME,56,59,,2026-01-12,2026-01-14,,35
165,Defrail Technologies,SME,BSE SME,70,74,,2026-01-09,2026-01-13,,14
166,Victory Electric Vehicles,SME,NSE SME,41,41,,2026-01-07,2026-01-09,,35
167,Yajur Fibres,SME,BSE SME,168,174,,2026-01-07,2026-01-09,,120
168,Gabion Technologies,SME,BSE SME,76,81,,2026-01-06,2026-01-08,,29
169,Modern Diagnostic,SME,BSE SME,85,90,,2026-01-31,2026-01-02,,37
